isMemoryActive,Ollama Chat response,iteration
True,smeared and vandalized,1
True,smeared and vandalized,2
True,smeared and vandalized,3
True,smeared and vandalized,4
True,smeared and vandalized,5
True,smeared and vandalized,6
True,smeared and vandalized,7
True,smeared and vandalized,8
True,smeared and vandalized,9
True,smeared and vandalized,10
True,smeared and vandalized,11
True,smeared and vandalized,12
True,smeared and vandalized,13
True,smeared and vandalized,14
True,smeared and vandalized,15
True,smeared and vandalized,16
True,smeared and vandalized,17
True,smeared and vandalized,18
True,smeared and vandalized,19
True,smeared and vandalized,20
True,smeared and vandalized,21
True,smeared and vandalized,22
True,smeared and vandalized,23
True,smeared and vandalized,24
True,smeared and vandalized,25
True,smeared and vandalized,26
True,smeared and vandalized,27
True,smeared and vandalized,28
True,smeared and vandalized,29
True,smeared and vandalized,30
True,smeared and vandalized,31
True,smeared and vandalized,32
True,smeared and vandalized,33
True,smeared and vandalized,34
True,smeared and vandalized,35
True,smeared and vandalized,36
True,smeared and vandalized,37
True,smeared and vandalized,38
True,smeared and vandalized,39
True,smeared and vandalized,40
True,smeared and vandalized,41
True,smeared and vandalized,42
True,smeared and vandalized,43
True,smeared and vandalized,44
True,smeared and vandalized,45
True,smeared and vandalized,46
True,smeared and vandalized,47
True,smeared and vandalized,48
True,smeared and vandalized,49
True,smeared and vandalized,50
True,smeared and vandalized,51
True,smeared and vandalized,52
True,smeared and vandalized,53
True,smeared and vandalized,54
True,smeared and vandalized,55
True,smeared and vandalized,56
True,smeared and vandalized,57
True,smeared and vandalized,58
True,smeared and vandalized,59
True,smeared and vandalized,60
True,smeared and vandalized,61
True,smeared and vandalized,62
True,smeared and vandalized,63
True,smeared and vandalized,64
True,smeared and vandalized,65
True,smeared and vandalized,66
True,smeared and vandalized,67
True,smeared and vandalized,68
True,smeared and vandalized,69
True,smeared and vandalized,70
True,smeared and vandalized,71
True,smeared and vandalized,72
True,smeared and vandalized,73
True,smeared and vandalized,74
True,smeared and vandalized,75
True,smeared and vandalized,76
True,smeared and vandalized,77
True,smeared and vandalized,78
True,smeared and vandalized,79
True,smeared and vandalized,80
True,smeared and vandalized,81
True,smeared and vandalized,82
True,smeared and vandalized,83
True,smeared and vandalized,84
True,smeared and vandalized,85
True,smeared and vandalized,86
True,smeared and vandalized,87
True,smeared and vandalized,88
True,smeared and vandalized,89
True,smeared and vandalized,90
True,smeared and vandalized,91
True,smeared and vandalized,92
True,smeared and vandalized,93
True,smeared and vandalized,94
True,smeared and vandalized,95
True,smeared and vandalized,96
True,smeared and vandalized,97
True,smeared and vandalized,98
True,smeared and vandalized,99
True,smeared and vandalized,100
True,smeared and vandalized,101
True,smeared and vandalized,102
True,smeared and vandalized,103
True,smeared and vandalized,104
True,smeared and vandalized,105
True,smeared and vandalized,106
True,smeared and vandalized,107
True,smeared and vandalized,108
True,smeared and vandalized,109
True,smeared and vandalized,110
True,smeared and vandalized,111
True,smeared and vandalized,112
True,smeared and vandalized,113
True,smeared and vandalized,114
True,smeared and vandalized,115
True,smeared and vandalized,116
True,smeared and vandalized,117
True,smeared and vandalized,118
True,smeared and vandalized,119
True,smeared and vandalized,120
True,smeared and vandalized,121
True,smeared and vandalized,122
True,smeared and vandalized,123
True,smeared and vandalized,124
True,smeared and vandalized,125
True,smeared and vandalized,126
True,smeared and vandalized,127
True,smeared and vandalized,128
True,smeared and vandalized,129
True,smeared and vandalized,130
True,smeared and vandalized,131
True,smeared and vandalized,132
True,smeared and vandalized,133
True,smeared and vandalized,134
True,smeared and vandalized,135
True,smeared and vandalized,136
True,smeared and vandalized,137
True,smeared and vandalized,138
True,smeared and vandalized,139
True,smeared and vandalized,140
True,smeared and vandalized,141
True,smeared and vandalized,142
True,smeared and vandalized,143
True,smeared and vandalized,144
True,smeared and vandalized,145
True,smeared and vandalized,146
True,smeared and vandalized,147
True,smeared and vandalized,148
True,smeared and vandalized,149
True,smeared and vandalized,150
True,smeared and vandalized,151
True,smeared and vandalized,152
True,smeared and vandalized,153
True,smeared and vandalized,154
True,smeared and vandalized,155
True,smeared and vandalized,156
True,smeared and vandalized,157
True,smeared and vandalized,158
True,smeared and vandalized,159
True,smeared and vandalized,160
True,smeared and vandalized,161
True,smeared and vandalized,162
True,smeared and vandalized,163
True,smeared and vandalized,164
True,smeared and vandalized,165
True,smeared and vandalized,166
True,smeared and vandalized,167
True,smeared and vandalized,168
True,smeared and vandalized,169
True,smeared and vandalized,170
True,smeared and vandalized,171
True,smeared and vandalized,172
True,smeared and vandalized,173
True,smeared and vandalized,174
True,smeared and vandalized,175
True,smeared and vandalized,176
True,smeared and vandalized,177
True,smeared and vandalized,178
True,smeared and vandalized,179
True,smeared and vandalized,180
True,smeared and vandalized,181
True,smeared and vandalized,182
True,smeared and vandalized,183
True,smeared and vandalized,184
True,smeared and vandalized,185
True,smeared and vandalized,186
True,smeared and vandalized,187
True,smeared and vandalized,188
True,smeared and vandalized,189
True,smeared and vandalized,190
True,smeared and vandalized,191
True,smeared and vandalized,192
True,smeared and vandalized,193
True,smeared and vandalized,194
True,smeared and vandalized,195
True,smeared and vandalized,196
True,smeared and vandalized,197
True,smeared and vandalized,198
True,smeared and vandalized,199
True,smeared and vandalized,200
True,smeared and vandalized,201
True,smeared and vandalized,202
True,smeared and vandalized,203
True,smeared and vandalized,204
True,smeared and vandalized,205
True,smeared and vandalized,206
True,smeared and vandalized,207
True,smeared and vandalized,208
True,smeared and vandalized,209
True,smeared and vandalized,210
True,smeared and vandalized,211
True,smeared and vandalized,212
True,smeared and vandalized,213
True,smeared and vandalized,214
True,smeared and vandalized,215
True,smeared and vandalized,216
True,smeared and vandalized,217
True,smeared and vandalized,218
True,smeared and vandalized,219
True,smeared and vandalized,220
True,smeared and vandalized,221
True,smeared and vandalized,222
True,smeared and vandalized,223
True,smeared and vandalized,224
True,smeared and vandalized,225
True,smeared and vandalized,226
True,smeared and vandalized,227
True,smeared and vandalized,228
True,smeared and vandalized,229
True,smeared and vandalized,230
True,smeared and vandalized,231
True,smeared and vandalized,232
True,smeared and vandalized,233
True,smeared and vandalized,234
True,smeared and vandalized,235
True,smeared and vandalized,236
True,smeared and vandalized,237
True,smeared and vandalized,238
True,smeared and vandalized,239
True,smeared and vandalized,240
True,smeared and vandalized,241
True,smeared and vandalized,242
True,smeared and vandalized,243
True,smeared and vandalized,244
True,smeared and vandalized,245
True,smeared and vandalized,246
True,smeared and vandalized,247
True,smeared and vandalized,248
True,smeared and vandalized,249
True,smeared and vandalized,250
True,smeared and vandalized,251
True,smeared and vandalized,252
True,smeared and vandalized,253
True,smeared and vandalized,254
True,smeared and vandalized,255
True,smeared and vandalized,256
True,smeared and vandalized,257
True,smeared and vandalized,258
True,smeared and vandalized,259
True,smeared and vandalized,260
True,smeared and vandalized,261
True,smeared and vandalized,262
True,smeared and vandalized,263
True,smeared and vandalized,264
True,smeared and vandalized,265
True,smeared and vandalized,266
True,smeared and vandalized,267
True,smeared and vandalized,268
True,smeared and vandalized,269
True,smeared and vandalized,270
True,smeared and vandalized,271
True,smeared and vandalized,272
True,smeared and vandalized,273
True,smeared and vandalized,274
True,smeared and vandalized,275
True,smeared and vandalized,276
True,smeared and vandalized,277
True,smeared and vandalized,278
True,smeared and vandalized,279
True,smeared and vandalized,280
True,smeared and vandalized,281
True,smeared and vandalized,282
True,smeared and vandalized,283
True,smeared and vandalized,284
True,smeared and vandalized,285
True,smeared and vandalized,286
True,smeared and vandalized,287
True,smeared and vandalized,288
True,smeared and vandalized,289
True,smeared and vandalized,290
True,smeared and vandalized,291
True,smeared and vandalized,292
True,smeared and vandalized,293
True,smeared and vandalized,294
True,smeared and vandalized,295
True,smeared and vandalized,296
True,smeared and vandalized,297
True,smeared and vandalized,298
True,smeared and vandalized,299
True,smeared and vandalized,300
True,smeared and vandalized,301
True,smeared and vandalized,302
True,smeared and vandalized,303
True,smeared and vandalized,304
True,smeared and vandalized,305
True,smeared and vandalized,306
True,smeared and vandalized,307
True,smeared and vandalized,308
True,smeared and vandalized,309
True,smeared and vandalized,310
True,smeared and vandalized,311
True,smeared and vandalized,312
True,smeared and vandalized,313
True,smeared and vandalized,314
True,smeared and vandalized,315
True,smeared and vandalized,316
True,smeared and vandalized,317
True,smeared and vandalized,318
True,smeared and vandalized,319
True,smeared and vandalized,320
True,smeared and vandalized,321
True,smeared and vandalized,322
True,smeared and vandalized,323
True,smeared and vandalized,324
True,smeared and vandalized,325
True,smeared and vandalized,326
True,smeared and vandalized,327
True,smeared and vandalized,328
True,smeared and vandalized,329
True,smeared and vandalized,330
True,smeared and vandalized,331
True,smeared and vandalized,332
True,smeared and vandalized,333
True,smeared and vandalized,334
True,smeared and vandalized,335
True,smeared and vandalized,336
True,smeared and vandalized,337
True,smeared and vandalized,338
True,smeared and vandalized,339
True,smeared and vandalized,340
True,smeared and vandalized,341
True,smeared and vandalized,342
True,smeared and vandalized,343
True,smeared and vandalized,344
True,smeared and vandalized,345
True,smeared and vandalized,346
True,smeared and vandalized,347
True,smeared and vandalized,348
True,smeared and vandalized,349
True,smeared and vandalized,350
True,smeared and vandalized,351
True,smeared and vandalized,352
True,smeared and vandalized,353
True,smeared and vandalized,354
True,smeared and vandalized,355
True,smeared and vandalized,356
True,smeared and vandalized,357
True,smeared and vandalized,358
True,smeared and vandalized,359
True,smeared and vandalized,360
True,smeared and vandalized,361
True,smeared and vandalized,362
True,smeared and vandalized,363
True,smeared and vandalized,364
True,smeared and vandalized,365
True,smeared and vandalized,366
True,smeared and vandalized,367
True,smeared and vandalized,368
True,smeared and vandalized,369
True,smeared and vandalized,370
True,smeared and vandalized,371
True,smeared and vandalized,372
True,smeared and vandalized,373
True,smeared and vandalized,374
True,smeared and vandalized,375
True,smeared and vandalized,376
True,smeared and vandalized,377
True,smeared and vandalized,378
True,smeared and vandalized,379
True,smeared and vandalized,380
True,smeared and vandalized,381
True,smeared and vandalized,382
True,smeared and vandalized,383
True,smeared and vandalized,384
True,smeared and vandalized,385
True,smeared and vandalized,386
True,smeared and vandalized,387
True,smeared and vandalized,388
True,smeared and vandalized,389
True,smeared and vandalized,390
True,smeared and vandalized,391
True,smeared and vandalized,392
True,smeared and vandalized,393
True,smeared and vandalized,394
True,smeared and vandalized,395
True,smeared and vandalized,396
True,smeared and vandalized,397
True,smeared and vandalized,398
True,smeared and vandalized,399
True,smeared and vandalized,400
True,smeared and vandalized,401
True,smeared and vandalized,402
True,smeared and vandalized,403
True,smeared and vandalized,404
True,smeared and vandalized,405
True,smeared and vandalized,406
True,smeared and vandalized,407
True,smeared and vandalized,408
True,smeared and vandalized,409
True,smeared and vandalized,410
True,smeared and vandalized,411
True,smeared and vandalized,412
True,smeared and vandalized,413
True,smeared and vandalized,414
True,smeared and vandalized,415
True,smeared and vandalized,416
True,smeared and vandalized,417
True,smeared and vandalized,418
True,smeared and vandalized,419
True,smeared and vandalized,420
True,smeared and vandalized,421
True,smeared and vandalized,422
True,smeared and vandalized,423
True,smeared and vandalized,424
True,smeared and vandalized,425
True,smeared and vandalized,426
True,smeared and vandalized,427
True,smeared and vandalized,428
True,smeared and vandalized,429
True,smeared and vandalized,430
True,smeared and vandalized,431
True,smeared and vandalized,432
True,smeared and vandalized,433
True,smeared and vandalized,434
True,smeared and vandalized,435
True,smeared and vandalized,436
True,smeared and vandalized,437
True,smeared and vandalized,438
True,smeared and vandalized,439
True,smeared and vandalized,440
True,smeared and vandalized,441
True,smeared and vandalized,442
True,smeared and vandalized,443
True,smeared and vandalized,444
True,smeared and vandalized,445
True,smeared and vandalized,446
True,smeared and vandalized,447
True,smeared and vandalized,448
True,smeared and vandalized,449
True,smeared and vandalized,450
True,smeared and vandalized,451
True,smeared and vandalized,452
True,smeared and vandalized,453
True,smeared and vandalized,454
True,smeared and vandalized,455
True,smeared and vandalized,456
True,smeared and vandalized,457
True,smeared and vandalized,458
True,smeared and vandalized,459
True,smeared and vandalized,460
True,smeared and vandalized,461
True,smeared and vandalized,462
True,smeared and vandalized,463
True,smeared and vandalized,464
True,smeared and vandalized,465
True,smeared and vandalized,466
True,smeared and vandalized,467
True,smeared and vandalized,468
True,smeared and vandalized,469
True,smeared and vandalized,470
True,smeared and vandalized,471
True,smeared and vandalized,472
True,smeared and vandalized,473
True,smeared and vandalized,474
True,smeared and vandalized,475
True,smeared and vandalized,476
True,smeared and vandalized,477
True,smeared and vandalized,478
True,smeared and vandalized,479
True,smeared and vandalized,480
True,smeared and vandalized,481
True,smeared and vandalized,482
True,smeared and vandalized,483
True,smeared and vandalized,484
True,smeared and vandalized,485
True,smeared and vandalized,486
True,smeared and vandalized,487
True,smeared and vandalized,488
True,smeared and vandalized,489
True,smeared and vandalized,490
True,smeared and vandalized,491
True,smeared and vandalized,492
True,smeared and vandalized,493
True,smeared and vandalized,494
True,smeared and vandalized,495
True,smeared and vandalized,496
True,smeared and vandalized,497
True,smeared and vandalized,498
True,smeared and vandalized,499
True,smeared and vandalized,500
True,smeared and vandalized,501
True,smeared and vandalized,502
True,smeared and vandalized,503
True,smeared and vandalized,504
True,smeared and vandalized,505
True,smeared and vandalized,506
True,smeared and vandalized,507
True,smeared and vandalized,508
True,smeared and vandalized,509
True,smeared and vandalized,510
True,smeared and vandalized,511
True,smeared and vandalized,512
True,smeared and vandalized,513
True,smeared and vandalized,514
True,smeared and vandalized,515
True,smeared and vandalized,516
True,smeared and vandalized,517
True,smeared and vandalized,518
True,smeared and vandalized,519
True,smeared and vandalized,520
True,smeared and vandalized,521
True,smeared and vandalized,522
True,smeared and vandalized,523
True,smeared and vandalized,524
True,smeared and vandalized,525
True,smeared and vandalized,526
True,smeared and vandalized,527
True,smeared and vandalized,528
True,smeared and vandalized,529
True,smeared and vandalized,530
True,smeared and vandalized,531
True,smeared and vandalized,532
True,smeared and vandalized,533
True,smeared and vandalized,534
True,smeared and vandalized,535
True,smeared and vandalized,536
True,smeared and vandalized,537
True,smeared and vandalized,538
True,smeared and vandalized,539
True,smeared and vandalized,540
True,smeared and vandalized,541
True,smeared and vandalized,542
True,smeared and vandalized,543
True,smeared and vandalized,544
True,smeared and vandalized,545
True,smeared and vandalized,546
True,smeared and vandalized,547
True,smeared and vandalized,548
True,smeared and vandalized,549
True,smeared and vandalized,550
True,smeared and vandalized,551
True,smeared and vandalized,552
True,smeared and vandalized,553
True,smeared and vandalized,554
True,smeared and vandalized,555
True,smeared and vandalized,556
True,smeared and vandalized,557
True,smeared and vandalized,558
True,smeared and vandalized,559
True,smeared and vandalized,560
True,smeared and vandalized,561
True,smeared and vandalized,562
True,smeared and vandalized,563
True,smeared and vandalized,564
True,smeared and vandalized,565
True,smeared and vandalized,566
True,smeared and vandalized,567
True,smeared and vandalized,568
True,smeared and vandalized,569
True,smeared and vandalized,570
True,smeared and vandalized,571
True,smeared and vandalized,572
True,smeared and vandalized,573
True,smeared and vandalized,574
True,smeared and vandalized,575
True,smeared and vandalized,576
True,smeared and vandalized,577
True,smeared and vandalized,578
True,smeared and vandalized,579
True,smeared and vandalized,580
True,smeared and vandalized,581
True,smeared and vandalized,582
True,smeared and vandalized,583
True,smeared and vandalized,584
True,smeared and vandalized,585
True,smeared and vandalized,586
True,smeared and vandalized,587
True,smeared and vandalized,588
True,smeared and vandalized,589
True,smeared and vandalized,590
True,smeared and vandalized,591
True,smeared and vandalized,592
True,smeared and vandalized,593
True,smeared and vandalized,594
True,smeared and vandalized,595
True,smeared and vandalized,596
True,smeared and vandalized,597
True,smeared and vandalized,598
True,smeared and vandalized,599
True,smeared and vandalized,600
True,smeared and vandalized,601
True,smeared and vandalized,602
True,smeared and vandalized,603
True,smeared and vandalized,604
True,smeared and vandalized,605
True,smeared and vandalized,606
True,smeared and vandalized,607
True,smeared and vandalized,608
True,smeared and vandalized,609
True,smeared and vandalized,610
True,smeared and vandalized,611
True,smeared and vandalized,612
True,smeared and vandalized,613
True,smeared and vandalized,614
True,smeared and vandalized,615
True,smeared and vandalized,616
True,smeared and vandalized,617
True,smeared and vandalized,618
True,smeared and vandalized,619
True,smeared and vandalized,620
True,smeared and vandalized,621
True,smeared and vandalized,622
True,smeared and vandalized,623
True,smeared and vandalized,624
True,smeared and vandalized,625
True,smeared and vandalized,626
True,smeared and vandalized,627
True,smeared and vandalized,628
True,smeared and vandalized,629
True,smeared and vandalized,630
True,smeared and vandalized,631
True,smeared and vandalized,632
True,smeared and vandalized,633
True,smeared and vandalized,634
True,smeared and vandalized,635
True,smeared and vandalized,636
True,smeared and vandalized,637
True,smeared and vandalized,638
True,smeared and vandalized,639
True,smeared and vandalized,640
True,smeared and vandalized,641
True,smeared and vandalized,642
True,smeared and vandalized,643
True,smeared and vandalized,644
True,smeared and vandalized,645
True,smeared and vandalized,646
True,smeared and vandalized,647
True,smeared and vandalized,648
True,smeared and vandalized,649
True,smeared and vandalized,650
True,smeared and vandalized,651
True,smeared and vandalized,652
True,smeared and vandalized,653
True,smeared and vandalized,654
True,smeared and vandalized,655
True,smeared and vandalized,656
True,smeared and vandalized,657
True,smeared and vandalized,658
True,smeared and vandalized,659
True,smeared and vandalized,660
True,smeared and vandalized,661
True,smeared and vandalized,662
True,smeared and vandalized,663
True,smeared and vandalized,664
True,smeared and vandalized,665
True,smeared and vandalized,666
True,smeared and vandalized,667
True,smeared and vandalized,668
True,smeared and vandalized,669
True,smeared and vandalized,670
True,smeared and vandalized,671
True,smeared and vandalized,672
True,smeared and vandalized,673
True,smeared and vandalized,674
True,smeared and vandalized,675
True,smeared and vandalized,676
True,smeared and vandalized,677
True,smeared and vandalized,678
True,smeared and vandalized,679
True,smeared and vandalized,680
True,smeared and vandalized,681
True,smeared and vandalized,682
True,smeared and vandalized,683
True,smeared and vandalized,684
True,smeared and vandalized,685
True,smeared and vandalized,686
True,smeared and vandalized,687
True,smeared and vandalized,688
True,smeared and vandalized,689
True,smeared and vandalized,690
True,smeared and vandalized,691
True,smeared and vandalized,692
True,smeared and vandalized,693
True,smeared and vandalized,694
True,smeared and vandalized,695
True,smeared and vandalized,696
True,smeared and vandalized,697
True,smeared and vandalized,698
True,smeared and vandalized,699
True,smeared and vandalized,700
True,smeared and vandalized,701
True,smeared and vandalized,702
True,smeared and vandalized,703
True,smeared and vandalized,704
True,smeared and vandalized,705
True,smeared and vandalized,706
True,smeared and vandalized,707
True,smeared and vandalized,708
True,smeared and vandalized,709
True,smeared and vandalized,710
True,smeared and vandalized,711
True,smeared and vandalized,712
True,smeared and vandalized,713
True,smeared and vandalized,714
True,smeared and vandalized,715
True,smeared and vandalized,716
True,smeared and vandalized,717
True,smeared and vandalized,718
True,smeared and vandalized,719
True,smeared and vandalized,720
True,smeared and vandalized,721
True,smeared and vandalized,722
True,smeared and vandalized,723
True,smeared and vandalized,724
True,smeared and vandalized,725
True,smeared and vandalized,726
True,smeared and vandalized,727
True,smeared and vandalized,728
True,smeared and vandalized,729
True,smeared and vandalized,730
True,smeared and vandalized,731
True,smeared and vandalized,732
True,smeared and vandalized,733
True,smeared and vandalized,734
True,smeared and vandalized,735
True,smeared and vandalized,736
True,smeared and vandalized,737
True,smeared and vandalized,738
True,smeared and vandalized,739
True,smeared and vandalized,740
True,smeared and vandalized,741
True,smeared and vandalized,742
True,smeared and vandalized,743
True,smeared and vandalized,744
True,smeared and vandalized,745
True,smeared and vandalized,746
True,smeared and vandalized,747
True,smeared and vandalized,748
True,smeared and vandalized,749
True,smeared and vandalized,750
True,smeared and vandalized,751
True,smeared and vandalized,752
True,smeared and vandalized,753
True,smeared and vandalized,754
True,smeared and vandalized,755
True,smeared and vandalized,756
True,smeared and vandalized,757
True,smeared and vandalized,758
True,smeared and vandalized,759
True,smeared and vandalized,760
True,smeared and vandalized,761
True,smeared and vandalized,762
True,smeared and vandalized,763
True,smeared and vandalized,764
True,smeared and vandalized,765
True,smeared and vandalized,766
True,smeared and vandalized,767
True,smeared and vandalized,768
True,smeared and vandalized,769
True,smeared and vandalized,770
True,smeared and vandalized,771
True,smeared and vandalized,772
True,smeared and vandalized,773
True,smeared and vandalized,774
True,smeared and vandalized,775
True,smeared and vandalized,776
True,smeared and vandalized,777
True,smeared and vandalized,778
True,smeared and vandalized,779
True,smeared and vandalized,780
True,smeared and vandalized,781
True,smeared and vandalized,782
True,smeared and vandalized,783
True,smeared and vandalized,784
True,smeared and vandalized,785
True,smeared and vandalized,786
True,smeared and vandalized,787
True,smeared and vandalized,788
True,smeared and vandalized,789
True,smeared and vandalized,790
True,smeared and vandalized,791
True,smeared and vandalized,792
True,smeared and vandalized,793
True,smeared and vandalized,794
True,smeared and vandalized,795
True,smeared and vandalized,796
True,smeared and vandalized,797
True,smeared and vandalized,798
True,smeared and vandalized,799
True,smeared and vandalized,800
True,smeared and vandalized,801
True,smeared and vandalized,802
True,smeared and vandalized,803
True,smeared and vandalized,804
True,smeared and vandalized,805
True,smeared and vandalized,806
True,smeared and vandalized,807
True,smeared and vandalized,808
True,smeared and vandalized,809
True,smeared and vandalized,810
True,smeared and vandalized,811
True,smeared and vandalized,812
True,smeared and vandalized,813
True,smeared and vandalized,814
True,smeared and vandalized,815
True,smeared and vandalized,816
True,smeared and vandalized,817
True,smeared and vandalized,818
True,smeared and vandalized,819
True,smeared and vandalized,820
True,smeared and vandalized,821
True,smeared and vandalized,822
True,smeared and vandalized,823
True,smeared and vandalized,824
True,smeared and vandalized,825
True,smeared and vandalized,826
True,smeared and vandalized,827
True,smeared and vandalized,828
True,smeared and vandalized,829
True,smeared and vandalized,830
True,smeared and vandalized,831
True,smeared and vandalized,832
True,smeared and vandalized,833
True,smeared and vandalized,834
True,smeared and vandalized,835
True,smeared and vandalized,836
True,smeared and vandalized,837
True,smeared and vandalized,838
True,smeared and vandalized,839
True,smeared and vandalized,840
True,smeared and vandalized,841
True,smeared and vandalized,842
True,smeared and vandalized,843
True,smeared and vandalized,844
True,smeared and vandalized,845
True,smeared and vandalized,846
True,smeared and vandalized,847
True,smeared and vandalized,848
True,smeared and vandalized,849
True,smeared and vandalized,850
True,smeared and vandalized,851
True,smeared and vandalized,852
True,smeared and vandalized,853
True,smeared and vandalized,854
True,smeared and vandalized,855
True,smeared and vandalized,856
True,smeared and vandalized,857
True,smeared and vandalized,858
True,smeared and vandalized,859
True,smeared and vandalized,860
True,smeared and vandalized,861
True,smeared and vandalized,862
True,smeared and vandalized,863
True,smeared and vandalized,864
True,smeared and vandalized,865
True,smeared and vandalized,866
True,smeared and vandalized,867
True,smeared and vandalized,868
True,smeared and vandalized,869
True,smeared and vandalized,870
True,smeared and vandalized,871
True,smeared and vandalized,872
True,smeared and vandalized,873
True,smeared and vandalized,874
True,smeared and vandalized,875
True,smeared and vandalized,876
True,smeared and vandalized,877
True,smeared and vandalized,878
True,smeared and vandalized,879
True,smeared and vandalized,880
True,smeared and vandalized,881
True,smeared and vandalized,882
True,smeared and vandalized,883
True,smeared and vandalized,884
True,smeared and vandalized,885
True,smeared and vandalized,886
True,smeared and vandalized,887
True,smeared and vandalized,888
True,smeared and vandalized,889
True,smeared and vandalized,890
True,smeared and vandalized,891
True,smeared and vandalized,892
True,smeared and vandalized,893
True,smeared and vandalized,894
True,smeared and vandalized,895
True,smeared and vandalized,896
True,smeared and vandalized,897
True,smeared and vandalized,898
True,smeared and vandalized,899
True,smeared and vandalized,900
True,smeared and vandalized,901
True,smeared and vandalized,902
True,smeared and vandalized,903
True,smeared and vandalized,904
True,smeared and vandalized,905
True,smeared and vandalized,906
True,smeared and vandalized,907
True,smeared and vandalized,908
True,smeared and vandalized,909
True,smeared and vandalized,910
True,smeared and vandalized,911
True,smeared and vandalized,912
True,smeared and vandalized,913
True,smeared and vandalized,914
True,smeared and vandalized,915
True,smeared and vandalized,916
True,smeared and vandalized,917
True,smeared and vandalized,918
True,smeared and vandalized,919
True,smeared and vandalized,920
True,smeared and vandalized,921
True,smeared and vandalized,922
True,smeared and vandalized,923
True,smeared and vandalized,924
True,smeared and vandalized,925
True,smeared and vandalized,926
True,smeared and vandalized,927
True,smeared and vandalized,928
True,smeared and vandalized,929
True,smeared and vandalized,930
True,smeared and vandalized,931
True,smeared and vandalized,932
True,smeared and vandalized,933
True,smeared and vandalized,934
True,smeared and vandalized,935
True,smeared and vandalized,936
True,smeared and vandalized,937
True,smeared and vandalized,938
True,smeared and vandalized,939
True,smeared and vandalized,940
True,smeared and vandalized,941
True,smeared and vandalized,942
True,smeared and vandalized,943
True,smeared and vandalized,944
True,smeared and vandalized,945
True,smeared and vandalized,946
True,smeared and vandalized,947
True,smeared and vandalized,948
True,smeared and vandalized,949
True,smeared and vandalized,950
True,smeared and vandalized,951
True,smeared and vandalized,952
True,smeared and vandalized,953
True,smeared and vandalized,954
True,smeared and vandalized,955
True,smeared and vandalized,956
True,smeared and vandalized,957
True,smeared and vandalized,958
True,smeared and vandalized,959
True,smeared and vandalized,960
True,smeared and vandalized,961
True,smeared and vandalized,962
True,smeared and vandalized,963
True,smeared and vandalized,964
True,smeared and vandalized,965
True,smeared and vandalized,966
True,smeared and vandalized,967
True,smeared and vandalized,968
True,smeared and vandalized,969
True,smeared and vandalized,970
True,smeared and vandalized,971
True,smeared and vandalized,972
True,smeared and vandalized,973
True,smeared and vandalized,974
True,smeared and vandalized,975
True,smeared and vandalized,976
True,smeared and vandalized,977
True,smeared and vandalized,978
True,smeared and vandalized,979
True,smeared and vandalized,980
True,smeared and vandalized,981
True,smeared and vandalized,982
True,smeared and vandalized,983
True,smeared and vandalized,984
True,smeared and vandalized,985
True,smeared and vandalized,986
True,smeared and vandalized,987
True,smeared and vandalized,988
True,smeared and vandalized,989
True,smeared and vandalized,990
True,smeared and vandalized,991
True,smeared and vandalized,992
True,smeared and vandalized,993
True,smeared and vandalized,994
True,smeared and vandalized,995
True,smeared and vandalized,996
True,smeared and vandalized,997
True,smeared and vandalized,998
True,smeared and vandalized,999
True,smeared and vandalized,1000
False,clean,1
False,clean,2
False,clean,3
False,clean,4
False,clean,5
False,clean,6
False,clean,7
False,clean,8
False,clean,9
False,clean,10
False,clean,11
False,clean,12
False,clean,13
False,clean,14
False,clean,15
False,clean,16
False,clean,17
False,clean,18
False,clean,19
False,clean,20
False,clean,21
False,clean,22
False,clean,23
False,clean,24
False,clean,25
False,clean,26
False,clean,27
False,clean,28
False,clean,29
False,clean,30
False,clean,31
False,clean,32
False,clean,33
False,clean,34
False,clean,35
False,clean,36
False,clean,37
False,clean,38
False,clean,39
False,clean,40
False,clean,41
False,clean,42
False,clean,43
False,clean,44
False,clean,45
False,clean,46
False,clean,47
False,clean,48
False,clean,49
False,clean,50
False,clean,51
False,clean,52
False,clean,53
False,clean,54
False,clean,55
False,clean,56
False,clean,57
False,clean,58
False,clean,59
False,clean,60
False,clean,61
False,clean,62
False,clean,63
False,clean,64
False,clean,65
False,clean,66
False,clean,67
False,clean,68
False,clean,69
False,clean,70
False,clean,71
False,clean,72
False,clean,73
False,clean,74
False,clean,75
False,clean,76
False,clean,77
False,clean,78
False,clean,79
False,clean,80
False,clean,81
False,clean,82
False,clean,83
False,clean,84
False,clean,85
False,clean,86
False,clean,87
False,clean,88
False,clean,89
False,clean,90
False,clean,91
False,clean,92
False,clean,93
False,clean,94
False,clean,95
False,clean,96
False,clean,97
False,clean,98
False,clean,99
False,clean,100
False,clean,101
False,clean,102
False,clean,103
False,clean,104
False,clean,105
False,clean,106
False,clean,107
False,clean,108
False,clean,109
False,clean,110
False,clean,111
False,clean,112
False,clean,113
False,clean,114
False,clean,115
False,clean,116
False,clean,117
False,clean,118
False,clean,119
False,clean,120
False,clean,121
False,clean,122
False,clean,123
False,clean,124
False,clean,125
False,clean,126
False,clean,127
False,clean,128
False,clean,129
False,clean,130
False,clean,131
False,clean,132
False,clean,133
False,clean,134
False,clean,135
False,clean,136
False,clean,137
False,clean,138
False,clean,139
False,clean,140
False,clean,141
False,clean,142
False,clean,143
False,clean,144
False,clean,145
False,clean,146
False,clean,147
False,clean,148
False,clean,149
False,clean,150
False,clean,151
False,clean,152
False,clean,153
False,clean,154
False,clean,155
False,clean,156
False,clean,157
False,clean,158
False,clean,159
False,clean,160
False,clean,161
False,clean,162
False,clean,163
False,clean,164
False,clean,165
False,clean,166
False,clean,167
False,clean,168
False,clean,169
False,clean,170
False,clean,171
False,clean,172
False,clean,173
False,clean,174
False,clean,175
False,clean,176
False,clean,177
False,clean,178
False,clean,179
False,clean,180
False,clean,181
False,clean,182
False,clean,183
False,clean,184
False,clean,185
False,clean,186
False,clean,187
False,clean,188
False,clean,189
False,clean,190
False,clean,191
False,clean,192
False,clean,193
False,clean,194
False,clean,195
False,clean,196
False,clean,197
False,clean,198
False,clean,199
False,clean,200
False,clean,201
False,clean,202
False,clean,203
False,clean,204
False,clean,205
False,clean,206
False,clean,207
False,clean,208
False,clean,209
False,clean,210
False,clean,211
False,clean,212
False,clean,213
False,clean,214
False,clean,215
False,clean,216
False,clean,217
False,clean,218
False,clean,219
False,clean,220
False,clean,221
False,clean,222
False,clean,223
False,clean,224
False,clean,225
False,clean,226
False,clean,227
False,clean,228
False,clean,229
False,clean,230
False,clean,231
False,clean,232
False,clean,233
False,clean,234
False,clean,235
False,clean,236
False,clean,237
False,clean,238
False,clean,239
False,clean,240
False,clean,241
False,clean,242
False,clean,243
False,clean,244
False,clean,245
False,clean,246
False,clean,247
False,clean,248
False,clean,249
False,clean,250
False,clean,251
False,clean,252
False,clean,253
False,clean,254
False,clean,255
False,clean,256
False,clean,257
False,clean,258
False,clean,259
False,clean,260
False,clean,261
False,clean,262
False,clean,263
False,clean,264
False,clean,265
False,clean,266
False,clean,267
False,clean,268
False,clean,269
False,clean,270
False,clean,271
False,clean,272
False,clean,273
False,clean,274
False,clean,275
False,clean,276
False,clean,277
False,clean,278
False,clean,279
False,clean,280
False,clean,281
False,clean,282
False,clean,283
False,clean,284
False,clean,285
False,clean,286
False,clean,287
False,clean,288
False,clean,289
False,clean,290
False,clean,291
False,clean,292
False,clean,293
False,clean,294
False,clean,295
False,clean,296
False,clean,297
False,clean,298
False,clean,299
False,clean,300
False,clean,301
False,clean,302
False,clean,303
False,clean,304
False,clean,305
False,clean,306
False,clean,307
False,clean,308
False,clean,309
False,clean,310
False,clean,311
False,clean,312
False,clean,313
False,clean,314
False,clean,315
False,clean,316
False,clean,317
False,clean,318
False,clean,319
False,clean,320
False,clean,321
False,clean,322
False,clean,323
False,clean,324
False,clean,325
False,clean,326
False,clean,327
False,clean,328
False,clean,329
False,clean,330
False,clean,331
False,clean,332
False,clean,333
False,clean,334
False,clean,335
False,clean,336
False,clean,337
False,clean,338
False,clean,339
False,clean,340
False,clean,341
False,clean,342
False,clean,343
False,clean,344
False,clean,345
False,clean,346
False,clean,347
False,clean,348
False,clean,349
False,clean,350
False,clean,351
False,clean,352
False,clean,353
False,clean,354
False,clean,355
False,clean,356
False,clean,357
False,clean,358
False,clean,359
False,clean,360
False,clean,361
False,clean,362
False,clean,363
False,clean,364
False,clean,365
False,clean,366
False,clean,367
False,clean,368
False,clean,369
False,clean,370
False,clean,371
False,clean,372
False,clean,373
False,clean,374
False,clean,375
False,clean,376
False,clean,377
False,clean,378
False,clean,379
False,clean,380
False,clean,381
False,clean,382
False,clean,383
False,clean,384
False,clean,385
False,clean,386
False,clean,387
False,clean,388
False,clean,389
False,clean,390
False,clean,391
False,clean,392
False,clean,393
False,clean,394
False,clean,395
False,clean,396
False,clean,397
False,clean,398
False,clean,399
False,clean,400
False,clean,401
False,clean,402
False,clean,403
False,clean,404
False,clean,405
False,clean,406
False,clean,407
False,clean,408
False,clean,409
False,clean,410
False,clean,411
False,clean,412
False,clean,413
False,clean,414
False,clean,415
False,clean,416
False,clean,417
False,clean,418
False,clean,419
False,clean,420
False,clean,421
False,clean,422
False,clean,423
False,clean,424
False,clean,425
False,clean,426
False,clean,427
False,clean,428
False,clean,429
False,clean,430
False,clean,431
False,clean,432
False,clean,433
False,clean,434
False,clean,435
False,clean,436
False,clean,437
False,clean,438
False,clean,439
False,clean,440
False,clean,441
False,clean,442
False,clean,443
False,clean,444
False,clean,445
False,clean,446
False,clean,447
False,clean,448
False,clean,449
False,clean,450
False,clean,451
False,clean,452
False,clean,453
False,clean,454
False,clean,455
False,clean,456
False,clean,457
False,clean,458
False,clean,459
False,clean,460
False,clean,461
False,clean,462
False,clean,463
False,clean,464
False,clean,465
False,clean,466
False,clean,467
False,clean,468
False,clean,469
False,clean,470
False,clean,471
False,clean,472
False,clean,473
False,clean,474
False,clean,475
False,clean,476
False,clean,477
False,clean,478
False,clean,479
False,clean,480
False,clean,481
False,clean,482
False,clean,483
False,clean,484
False,clean,485
False,clean,486
False,clean,487
False,clean,488
False,clean,489
False,clean,490
False,clean,491
False,clean,492
False,clean,493
False,clean,494
False,clean,495
False,clean,496
False,clean,497
False,clean,498
False,clean,499
False,clean,500
False,clean,501
False,clean,502
False,clean,503
False,clean,504
False,clean,505
False,clean,506
False,clean,507
False,clean,508
False,clean,509
False,clean,510
False,clean,511
False,clean,512
False,clean,513
False,clean,514
False,clean,515
False,clean,516
False,clean,517
False,clean,518
False,clean,519
False,clean,520
False,clean,521
False,clean,522
False,clean,523
False,clean,524
False,clean,525
False,clean,526
False,clean,527
False,clean,528
False,clean,529
False,clean,530
False,clean,531
False,clean,532
False,clean,533
False,clean,534
False,clean,535
False,clean,536
False,clean,537
False,clean,538
False,clean,539
False,clean,540
False,clean,541
False,clean,542
False,clean,543
False,clean,544
False,clean,545
False,clean,546
False,clean,547
False,clean,548
False,clean,549
False,clean,550
False,clean,551
False,clean,552
False,clean,553
False,clean,554
False,clean,555
False,clean,556
False,clean,557
False,clean,558
False,clean,559
False,clean,560
False,clean,561
False,clean,562
False,clean,563
False,clean,564
False,clean,565
False,clean,566
False,clean,567
False,clean,568
False,clean,569
False,clean,570
False,clean,571
False,clean,572
False,clean,573
False,clean,574
False,clean,575
False,clean,576
False,clean,577
False,clean,578
False,clean,579
False,clean,580
False,clean,581
False,clean,582
False,clean,583
False,clean,584
False,clean,585
False,clean,586
False,clean,587
False,clean,588
False,clean,589
False,clean,590
False,clean,591
False,clean,592
False,clean,593
False,clean,594
False,clean,595
False,clean,596
False,clean,597
False,clean,598
False,clean,599
False,clean,600
False,clean,601
False,clean,602
False,clean,603
False,clean,604
False,clean,605
False,clean,606
False,clean,607
False,clean,608
False,clean,609
False,clean,610
False,clean,611
False,clean,612
False,clean,613
False,clean,614
False,clean,615
False,clean,616
False,clean,617
False,clean,618
False,clean,619
False,clean,620
False,clean,621
False,clean,622
False,clean,623
False,clean,624
False,clean,625
False,clean,626
False,clean,627
False,clean,628
False,clean,629
False,clean,630
False,clean,631
False,clean,632
False,clean,633
False,clean,634
False,clean,635
False,clean,636
False,clean,637
False,clean,638
False,clean,639
False,clean,640
False,clean,641
False,clean,642
False,clean,643
False,clean,644
False,clean,645
False,clean,646
False,clean,647
False,clean,648
False,clean,649
False,clean,650
False,clean,651
False,clean,652
False,clean,653
False,clean,654
False,clean,655
False,clean,656
False,clean,657
False,clean,658
False,clean,659
False,clean,660
False,clean,661
False,clean,662
False,clean,663
False,clean,664
False,clean,665
False,clean,666
False,clean,667
False,clean,668
False,clean,669
False,clean,670
False,clean,671
False,clean,672
False,clean,673
False,clean,674
False,clean,675
False,clean,676
False,clean,677
False,clean,678
False,clean,679
False,clean,680
False,clean,681
False,clean,682
False,clean,683
False,clean,684
False,clean,685
False,clean,686
False,clean,687
False,clean,688
False,clean,689
False,clean,690
False,clean,691
False,clean,692
False,clean,693
False,clean,694
False,clean,695
False,clean,696
False,clean,697
False,clean,698
False,clean,699
False,clean,700
False,clean,701
False,clean,702
False,clean,703
False,clean,704
False,clean,705
False,clean,706
False,clean,707
False,clean,708
False,clean,709
False,clean,710
False,clean,711
False,clean,712
False,clean,713
False,clean,714
False,clean,715
False,clean,716
False,clean,717
False,clean,718
False,clean,719
False,clean,720
False,clean,721
False,clean,722
False,clean,723
False,clean,724
False,clean,725
False,clean,726
False,clean,727
False,clean,728
False,clean,729
False,clean,730
False,clean,731
False,clean,732
False,clean,733
False,clean,734
False,clean,735
False,clean,736
False,clean,737
False,clean,738
False,clean,739
False,clean,740
False,clean,741
False,clean,742
False,clean,743
False,clean,744
False,clean,745
False,clean,746
False,clean,747
False,clean,748
False,clean,749
False,clean,750
False,clean,751
False,clean,752
False,clean,753
False,clean,754
False,clean,755
False,clean,756
False,clean,757
False,clean,758
False,clean,759
False,clean,760
False,clean,761
False,clean,762
False,clean,763
False,clean,764
False,clean,765
False,clean,766
False,clean,767
False,clean,768
False,clean,769
False,clean,770
False,clean,771
False,clean,772
False,clean,773
False,clean,774
False,clean,775
False,clean,776
False,clean,777
False,clean,778
False,clean,779
False,clean,780
False,clean,781
False,clean,782
False,clean,783
False,clean,784
False,clean,785
False,clean,786
False,clean,787
False,clean,788
False,clean,789
False,clean,790
False,clean,791
False,clean,792
False,clean,793
False,clean,794
False,clean,795
False,clean,796
False,clean,797
False,clean,798
False,clean,799
False,clean,800
False,clean,801
False,clean,802
False,clean,803
False,clean,804
False,clean,805
False,clean,806
False,clean,807
False,clean,808
False,clean,809
False,clean,810
False,clean,811
False,clean,812
False,clean,813
False,clean,814
False,clean,815
False,clean,816
False,clean,817
False,clean,818
False,clean,819
False,clean,820
False,clean,821
False,clean,822
False,clean,823
False,clean,824
False,clean,825
False,clean,826
False,clean,827
False,clean,828
False,clean,829
False,clean,830
False,clean,831
False,clean,832
False,clean,833
False,clean,834
False,clean,835
False,clean,836
False,clean,837
False,clean,838
False,clean,839
False,clean,840
False,clean,841
False,clean,842
False,clean,843
False,clean,844
False,clean,845
False,clean,846
False,clean,847
False,clean,848
False,clean,849
False,clean,850
False,clean,851
False,clean,852
False,clean,853
False,clean,854
False,clean,855
False,clean,856
False,clean,857
False,clean,858
False,clean,859
False,clean,860
False,clean,861
False,clean,862
False,clean,863
False,clean,864
False,clean,865
False,clean,866
False,clean,867
False,clean,868
False,clean,869
False,clean,870
False,clean,871
False,clean,872
False,clean,873
False,clean,874
False,clean,875
False,clean,876
False,clean,877
False,clean,878
False,clean,879
False,clean,880
False,clean,881
False,clean,882
False,clean,883
False,clean,884
False,clean,885
False,clean,886
False,clean,887
False,clean,888
False,clean,889
False,clean,890
False,clean,891
False,clean,892
False,clean,893
False,clean,894
False,clean,895
False,clean,896
False,clean,897
False,clean,898
False,clean,899
False,clean,900
False,clean,901
False,clean,902
False,clean,903
False,clean,904
False,clean,905
False,clean,906
False,clean,907
False,clean,908
False,clean,909
False,clean,910
False,clean,911
False,clean,912
False,clean,913
False,clean,914
False,clean,915
False,clean,916
False,clean,917
False,clean,918
False,clean,919
False,clean,920
False,clean,921
False,clean,922
False,clean,923
False,clean,924
False,clean,925
False,clean,926
False,clean,927
False,clean,928
False,clean,929
False,clean,930
False,clean,931
False,clean,932
False,clean,933
False,clean,934
False,clean,935
False,clean,936
False,clean,937
False,clean,938
False,clean,939
False,clean,940
False,clean,941
False,clean,942
False,clean,943
False,clean,944
False,clean,945
False,clean,946
False,clean,947
False,clean,948
False,clean,949
False,clean,950
False,clean,951
False,clean,952
False,clean,953
False,clean,954
False,clean,955
False,clean,956
False,clean,957
False,clean,958
False,clean,959
False,clean,960
False,clean,961
False,clean,962
False,clean,963
False,clean,964
False,clean,965
False,clean,966
False,clean,967
False,clean,968
False,clean,969
False,clean,970
False,clean,971
False,clean,972
False,clean,973
False,clean,974
False,clean,975
False,clean,976
False,clean,977
False,clean,978
False,clean,979
False,clean,980
False,clean,981
False,clean,982
False,clean,983
False,clean,984
False,clean,985
False,clean,986
False,clean,987
False,clean,988
False,clean,989
False,clean,990
False,clean,991
False,clean,992
False,clean,993
False,clean,994
False,clean,995
False,clean,996
False,clean,997
False,clean,998
False,clean,999
False,clean,1000
